"flagCode","country","GDP_USD","GDP_DataYear","PPP_IntDollars","PPP_DataYear","GNIAtlasMethod_USDollars","GNIAtlasMethod_DataYear"
"BI","Burundi",199.6,2023,950.9,2023,230,2023
"AF","Afghanistan",352.6,2022,2092.9,2022,360,2022
"SY","Syria",421.1,2021,2914.5,2021,560,2021
"SL","Sierra Leone",433.4,2023,1846.7,2023,560,2023
"CF","Central African Republic",445,2023,1130,2023,470,2023
"MG","Madagascar",528.7,2023,1875.1,2023,530,2023
"YE","Yemen",533.4,2023,,,820,2018
"MZ","Mozambique",608.4,2023,1657.1,2023,530,2023
"NE","Niger",618.3,2023,1817.3,2023,600,2023
"SO","Somalia",643.8,2023,1611.3,2023,610,2023
"CD","DR Congo",649.1,2023,1670.8,2023,660,2023
"MW","Malawi",672.9,2023,1867.7,2023,640,2023
"TD","Chad",719.4,2023,1969.3,2023,710,2023
"LR","Liberia",799.5,2023,1819,2023,730,2023
"GM","Gambia",843.8,2023,3162.5,2023,830,2023
"BF","Burkina Faso",874.1,2023,2726.9,2023,850,2023
"LS","Lesotho",878,2023,2793.9,2023,1160,2023
"ML","Mali",897.4,2023,2726,2023,860,2023
"GW","Guinea-Bissau",914.3,2023,2630.3,2023,900,2023
"RW","Rwanda",1000.2,2023,3361.1,2023,980,2023
"TG","Togo",1013,2023,3155.3,2023,1030,2023
"UG","Uganda",1014.2,2023,3098.1,2023,980,2023
"MM","Myanmar",1187.6,2023,5905.2,2023,1210,2023
"TJ","Tajikistan",1189,2023,5082.2,2023,1440,2023
"TZ","Tanzania",1211.1,2023,3972.6,2023,1210,2023
"ET","Ethiopia",1293.8,2023,3109.3,2023,1130,2023
"NP","Nepal",1324,2023,5181.8,2023,1370,2023
"ZM","Zambia",1369.1,2023,4125.6,2023,1320,2023
"PK","Pakistan",1407,2023,6212,2023,1500,2023
"BJ","Benin",1434.7,2023,4248.3,2023,1440,2023
"KM","Comoros",1587.2,2023,3854.8,2023,1600,2023
"ZW","Zimbabwe",1592.4,2023,3899.9,2023,1740,2023
"NG","Nigeria",1621.1,2023,6318.2,2023,1930,2023
"TL","Timor-Leste",1648.6,2023,5108.7,2023,2140,2023
"GN","Guinea",1663.9,2023,4429.3,2023,1360,2023
"CM","Cameroon",1673.6,2023,5380.2,2023,1650,2023
"HT","Haiti",1693.1,2023,3255.5,2023,1740,2023
"SN","Senegal",1746,2023,4833,2023,1660,2023
"KH","Cambodia",1875.1,2023,5624.1,2023,1810,2023
"KE","Kenya",1949.9,2023,6323.5,2023,2110,2023
"KG","Kyrgyzstan",1969.9,2023,7102.8,2023,1700,2023
"LA","Laos",2075.4,2023,9326.3,2023,2120,2023
"KI","Kiribati",2089.9,2023,3521.7,2023,3730,2023
"MR","Mauritania",2149.4,2023,6934.4,2023,2150,2023
"SB","Solomon Islands",2203.2,2023,3034.9,2023,2270,2023
"GH","Ghana",2238.2,2023,7466.4,2023,2340,2023
"SD","Sudan",2272.5,2023,3137.2,2023,990,2023
"AO","Angola",2309.5,2023,8040.5,2023,2130,2023
"IN","India",2484.8,2023,10175.8,2023,2540,2023
"UZ","Uzbekistan",2496.1,2023,9724.7,2023,2360,2023
"CG","Republic of the Congo",2508.8,2023,6932.9,2023,2470,2023
"BD","Bangladesh",2529.1,2023,9065.7,2023,2860,2023
"NI","Nicaragua",2530.3,2023,8043.7,2023,2270,2023
"ST","Sao Tome and Principe",2601.8,2023,6063.6,2023,2480,2023
"CI","Ivory Coast",2728.8,2023,7790.9,2023,2670,2023
"PG","Papua New Guinea",2994.5,2023,4607.4,2023,2840,2023
"HN","Honduras",3247.2,2023,7210.7,2023,2900,2023
"LB","Lebanon",3350.3,2023,12852.7,2022,3740,2023
"VU","Vanuatu",3367.1,2023,3315.1,2023,3660,2023
"PS","Palestine",3367.6,2023,5888.4,2023,4220,2023
"EG","Egypt",3512.6,2023,18816.5,2023,3900,2023
"DJ","Djibouti",3606.4,2023,7204,2023,3450,2023
"MA","Morocco",3672.1,2023,9743.3,2023,3700,2023
"BO","Bolivia",3701,2023,10727,2023,3600,2023
"BT","Bhutan",3704,2022,15021.7,2022,3590,2022
"PH","Philippines",3725.6,2023,10755.5,2023,4230,2023
"SZ","Eswatini",3797.3,2023,11740.8,2023,3860,2023
"LK","Sri Lanka",3828,2023,14455.3,2023,3540,2023
"TN","Tunisia",3895.4,2023,13681.6,2023,3770,2023
"FM","Micronesia",3992.2,2023,4216.5,2023,4150,2023
"WS","Samoa",4139,2023,6680.6,2023,4020,2023
"CV","Cape Verde",4321.6,2023,9086.2,2023,4280,2023
"VN","Vietnam",4346.8,2023,15194.3,2023,4180,2023
"JO","Jordan",4482.1,2023,10451.9,2023,4460,2023
"IR","Iran",4502.5,2023,17921.7,2023,4680,2023
"TO","Tonga",4681.7,2022,7016.4,2022,5000,2022
"NA","Namibia",4742.8,2023,12756.5,2023,4870,2023
"ID","Indonesia",4940.5,2023,15612.8,2023,4870,2023
"UA","Ukraine",5181.4,2023,18007.5,2023,5070,2023
"DZ","Algeria",5260.2,2023,17027,2023,4960,2023
"SV","El Salvador",5344.2,2023,12542.3,2023,4920,2023
"TV","Tuvalu",5465.1,2023,5763.5,2023,7550,2023
"IQ","Iraq",5512.5,2023,13968.6,2023,5600,2023
"MN","Mongolia",5764.8,2023,18108,2023,4950,2023
"GT","Guatemala",5797.5,2023,14066.5,2023,5580,2023
"FJ","Fiji",5868.2,2023,15046.5,2023,5580,2023
"SR","Suriname",6069,2023,21047.2,2023,5360,2023
"ZA","South Africa",6253.2,2023,15847.4,2023,6750,2023
"PY","Paraguay",6260.5,2023,17465.9,2023,6200,2023
"EC","Ecuador",6533.4,2023,15870.3,2023,6510,2023
"MD","Moldova",6650.6,2023,17384.4,2023,6110,2023
"MH","Marshall Islands",6762.5,2023,7491.4,2023,7570,2023
"JM","Jamaica",6874.2,2023,11475,2023,6150,2023
"CO","Colombia",6979.7,2023,21548,2023,6870,2023
"GQ","Equatorial Guinea",7066.6,2023,18723.6,2023,5240,2023
"AZ","Azerbaijan",7155.1,2023,23685.5,2023,6680,2023
"TH","Thailand",7171.8,2023,23422.9,2023,7180,2023
"BW","Botswana",7249.8,2023,19383.2,2023,7620,2023
"LY","Libya",7330,2023,19641.1,2023,7570,2023
"PE","Peru",7789.9,2023,16717.4,2023,6990,2023
"BY","Belarus",7829.1,2023,30751.5,2023,7780,2023
"BZ","Belize",7987.6,2023,14195.3,2023,7190,2023
"GE","Georgia",8120.4,2023,24681.3,2023,6680,2023
"AL","Albania",8367.8,2023,21395.3,2023,7570,2023
"GA","Gabon",8420.1,2023,21947,2023,7960,2023
"BA","Bosnia and Herzegovina",8426.1,2023,22845.5,2023,8160,2023
"AM","Armenia",8715.8,2023,23054.6,2023,7330,2023
"DM","Dominica",8953.9,2023,17598.6,2023,8920,2023
"TM","Turkmenistan",9190.7,2023,17100.1,2019,7130,2019
"CU","Cuba",9499.6,2020,,,8920,2019
"BR","Brazil",10043.6,2023,20584.4,2023,9070,2023
"VC","Saint Vincent and the Grenadines",10279.5,2023,19875.7,2023,10070,2023
"GD","Grenada",10463.3,2023,17654.1,2023,9800,2023
"DO","Dominican Republic",10716,2023,25610.5,2023,9700,2023
"RS","Serbia",11361,2023,27401.8,2023,10030,2023
"MU","Mauritius",11416.9,2023,29498.5,2023,11530,2023
"MY","Malaysia",11648.7,2023,37247.7,2023,11970,2023
"ME","Montenegro",12016.9,2023,31216.4,2023,11500,2023
"NR","Nauru",12060.1,2023,12670.7,2023,22090,2023
"CN","China",12614.1,2023,24557.6,2023,13400,2023
"MV","Maldives",12667.4,2023,24808.7,2023,11030,2023
"TR","Turkey",12985.8,2023,44151,2023,11650,2023
"KZ","Kazakhstan",13136.6,2023,39332.5,2023,10940,2023
"AR","Argentina",13730.5,2023,29362.7,2023,12520,2023
"RU","Russia",13817,2023,44103.5,2023,14250,2023
"MX","Mexico",13926.1,2023,25601.6,2023,12100,2023
"LC","Saint Lucia",13980.1,2023,25128.7,2023,12400,2023
"PW","Palau",14565.3,2023,17490.8,2023,14250,2023
"BG","Bulgaria",15797.6,2023,38689.5,2023,14460,2023
"CR","Costa Rica",16595.4,2023,27952.5,2023,13850,2023
"CL","Chile",17093.2,2023,33284.5,2023,15820,2023
"MP","Northern Mariana Islands",17302.9,2020,,,,
"SC","Seychelles",17879.2,2023,32693.6,2023,16940,2023
"TT","Trinidad and Tobago",18333,2023,31572.1,2023,17940,2023
"RO","Romania",18419.4,2023,47903.3,2023,16670,2023
"PA","Panama",18661.8,2023,39695.1,2023,18010,2023
"PF","French Polynesia",18984.9,2022,,,,
"AS","American Samoa",19673.4,2022,,,,
"MF","Saint Martin",20320.7,2021,,,,
"CW","Curacao",20492.8,2022,29523.5,2022,20590,2022
"GY","Guyana",20626.2,2023,55262.5,2023,20360,2023
"HR","Croatia",21459.8,2023,45909.6,2023,20670,2023
"AG","Antigua and Barbuda",21560.2,2023,31802.4,2023,19990,2023
"PL","Poland",22112.9,2023,49464,2023,19730,2023
"HU","Hungary",22147.2,2023,45942.2,2023,19820,2023
"KN","Saint Kitts and Nevis",22553.3,2023,33402.8,2023,21380,2023
"UY","Uruguay",22564.5,2023,34061.5,2023,19530,2023
"BB","Barbados",22672.6,2023,19357.2,2023,21280,2023
"GR","Greece",22990,2023,41186.8,2023,22580,2023
"LV","Latvia",23184.3,2023,42501,2023,21970,2023
"OM","Oman",23295.3,2023,44421.2,2023,21540,2023
"SK","Slovakia",24470.2,2023,44650.2,2023,22790,2023
"LT","Lithuania",27102.8,2023,51877,2023,24820,2023
"PT","Portugal",27275.1,2023,48758.9,2023,26270,2023
"SA","Saudi Arabia",28895,2023,54991.7,2023,28690,2023
"BH","Bahrain",29084.3,2023,63847.8,2023,28280,2023
"EE","Estonia",29823.7,2023,48992.1,2023,27240,2023
"CZ","Czech Republic",30427.4,2023,53816.8,2023,27110,2023
"TC","Turks and Caicos Islands",30438.4,2023,24819.6,2023,26570,2023
"SI","Slovenia",32163.5,2023,54947.5,2023,30620,2023
"ES","Spain",32677,2023,25779.2,2023,32180,2023
"KR","South Korea",33121.4,2023,54033.2,2023,35490,2023
"AW","Aruba",33300.8,2022,45236,2022,33410,2022
"BN","Brunei",33430.9,2023,86445.7,2023,34970,2023
"JP","Japan",33834.4,2023,50206.6,2023,39030,2023
"CY","Cyprus",34701.4,2023,57100.5,2023,30990,2023
"BS","Bahamas",34749.6,2023,35554.8,2023,31990,2023
"NC","New Caledonia",35745.8,2022,,,37370,2021
"PR","Puerto Rico",36779.1,2023,47699.6,2023,25240,2023
"KW","Kuwait",37533.2,2023,56386.3,2023,46140,2023
"MT","Malta",37882.3,2023,62445.7,2023,34240,2023
"IT","Italy",38373.2,2023,58754.9,2023,38200,2023
"SX","Sint Maarten",39432.6,2023,51527.1,2023,36960,2022
"GU","Guam",40227.3,2022,,,,
"VI","United States Virgin Islands",41976,2021,46238.1,2021,,
"FR","France",44460.8,2023,61156.8,2023,45070,2023
"AD","Andorra",46544.7,2023,71587.5,2023,50080,2022
"NZ","New Zealand",48527.8,2023,54109.8,2023,48610,2023
"GB","United Kingdom",48866.6,2023,58906.2,2023,47800,2023
"HK","Hong Kong",50696.6,2023,71841.6,2023,55200,2023
"IL","Israel",52261.7,2023,53434,2023,55020,2023
"DE","Germany",52745.8,2023,69338.3,2023,53970,2023
"AE","United Arab Emirates",52976.8,2023,83902.7,2023,53290,2023
"CA","Canada",53371.7,2023,61582.3,2023,53930,2023
"BE","Belgium",53475.3,2023,70456,2023,54530,2023
"FI","Finland",53755.9,2023,65060.7,2023,53390,2023
"SM","San Marino",54982.5,2021,65717.9,2021,47120,2021
"SE","Sweden",56305.3,2023,70206.6,2023,61650,2023
"AT","Austria",56506,2023,73751.4,2023,55070,2023
"GL","Greenland",57116.3,2021,68086.5,2021,,
"NL","Netherlands",62536.7,2023,78215.1,2023,60670,2023
"AU","Australia",64711.8,2023,69114.7,2023,63140,2023
"MO","Macau",66835.1,2023,113183.2,2023,43940,2022
"FO","Faroe Islands",66979.3,2022,76566.5,2022,74420,2022
"DK","Denmark",67967.4,2023,76687.9,2023,73360,2023
"IS","Iceland",78811.1,2023,77567.2,2023,79840,2023
"US","United States",81695.2,2023,81695.2,2023,80300,2023
"SG","Singapore",84734.3,2023,141500.2,2023,70590,2023
"QA","Qatar",87480.4,2022,121124.7,2022,70070,2022
"NO","Norway",87961.8,2023,104459.8,2023,102460,2023
"IM","Isle of Man",94124.3,2021,,,76300,2021
"KY","Cayman Islands",96073.8,2022,85167.7,2022,68790,2022
"CH","Switzerland",99994.9,2023,92980.4,2023,95160,2023
"IE","Ireland",103684.9,2023,127623.4,2023,80390,2023
"BM","Bermuda",123091.1,2022,106866.3,2022,134640,2022
"LU","Luxembourg",128259.4,2023,143341.5,2023,88370,2023
"LI","Liechtenstein",187267.1,2022,,,,
"MC","Monaco",240862.2,2022,,,,